id,nombre_remitente,telefono
6301,A. C. LUCHA MONTALBÁN.,NINGUNO
6390,ADY GODOY.,NINGUNO

6140,ALCALDIA  METROPOLITANA  DE CARACAS,NINGUNO

6372,ALCALDÍA BOLIVARIANA DEL MUNICIPIO PÁEZ ,NINGUNO

3359,ALCALDIA DE CARACAS ,NINGUNO

5797,ALCALDIA DE CARACAS  FUNDAPATRIMONIO.  ,NINGUNO

3360,ALCALDIA DE CHACAO  ,NINGUNO

3362,ALCALDIA DE SUCRE,2711067/2711367/0

3365,ALCALDIA DEL ESTADO ARAGUA  MUNICIPIO GIRARDOT,NINGUNO

3367,ALCALDIA DEL MUNICIPIO BARINAS,NINGUNO

6374,ALCALDIA DEL MUNICIPIO BARINASESTADO BARINAS,NINGUNO

6378,ALCALDIA DEL MUNICIPIO ORTIZ  EDO GUÁRICO NINGUNO

3390,ALCALDIA DEL MUNICIPIO VARGAS ,NINGUNO

3397,ALCALDIA MONSEÑOR ITURRIZA  ESTADO FALCON  MUNICIPIO MONSEÑOR ITURRIZA.  ,NINGUNO

6425,ALEXIS AUMAITRE PAEZ,NINGUNO

6426,ALEXIS AUMAITRE PÁEZ,NINGUNO

6069,ANDRES RAFAEL MARÍN FERNANDEZ ,NINGUNO

6163,ANIBAL ACOSTA  ,NINGUNO

6402,ANNY AVENDAÑO  ,NINGUNO

6206,ANTONIO RIVERO BERRIOS  Y/ O  LUIS FRANCISCO VILLAMIZAR. M. ,NINGUNO

6011,ARARARE FILMS C.A.  ,NINGUNO

3411,ASAMBLEA  NACIONAL  ,NINGUNO

6090,ASOCIACIÒN  CIVIL DE VIVIENDA  Y HABITAT  OCV "LA VOZ DEL SOBERANO",NINGUNO

6341,ASOCIACIÓN CIVIL  MUSICAL FRANCISCO DE MIRANDA,NINGUNO

6407,ASOCIACIÓN CIVIL COLECTIVOS ECOLÓGICO SOCIALISTAS  KATAFOS. ,NINGUNO

6369,ASOCIACIÓN COOPERATIVA SERVICIOS LA ORQUÍDEA  R. S.,NINGUNO

6050,ASOCIACIÒN PALMEROS DE CHACAO ,NINGUNO

3508,BANCO CENTRAL DE VENEZUELA,8015111 / 8015274

3509,BANCO DE DESARROLLO DE LA MUJER (BANMUJER),NINGUNO

3510,BANCO DE DESARROLLO ECONOMICO Y SOCIAL DE VENEZUELA (BANDES),NINGUNO

3511,BANCO DE VENEZUELA  ,NINGUNO

3513,BANCO DEL TESORO NINGUNO

3515,BANCO INDUSTRIAL DE VENEZUELA ,NINGUNO

3516,BANCO MERCANTIL,NINGUNO

3517,BANCO MUNDIAL  ,2679943

3519,BANCO PROVINCIAL,NINGUNO

3521,BANESCO NINGUNO

6078,BERND KROENING ,NINGUNO

6186,BIOCONTACTO NINGUNO

3523,BIOPARQUES,NINGUNO

5903,BOMBEROS Y BOMBERAS FORESTALES "GENERAL EZEQUIEL ZAMORA " EDO. MONAGAS,NINGUNO

6182,BRIGADA CHE GUEVARA ,NINGUNO

3529,C.A. LA ELECTRICIDAD DE CARACAS,NINGUNO

3532,C.A.N.T.V.,NINGUNO

5835,CAFETIN  VENAVILA,C.A.  ,NINGUNO

3539,CAJA DE AHORRO Y PRESTAMO NACIONAL DE LOS TRABAJADORES AGROPECUARIOS,RECURSOS NATURALES RENOVABLES Y AFINES DE VENEZUELA (CANAOBRE) ,NINGUNO

6176,CAJA DE AHORROS SECTOR EMPLEADOS PÚBLICOS (CASEP) ,NINGUNO

6343,CÁMARA  VENEZOLANA DE LA INDUSTRIA  DE LA RADIODIFUSIÓN,NINGUNO

3552,CAPACITACIÓN E INNOVACIÓN PARA APOYAR LA REVOLUCIÓN AGRARIA (CIARA),NINGUNO

6416,CARLOS E. SANTAELLA  E.  S.E. INVERSIONES C.A.,NINGUNO

6142,CARMEN RAMIREZ ,NINGUNO

6273,CARMEN RANGEL  ,NINGUNO

6389,CÉSAR J. LOYO D.,NINGUNO

3579,CICPC  CUERPO DE INVESTIGACIONES CIENTIFICAS PENALES Y CRIMINALISTICAS DIVISION DE SINIESTROS,NINGUNO

6274,CLUB DE ABUELOS " RENACER". PARQUE GALINDO.  ,NINGUNO

5957,CNE   PODER ELECTORAL,NINGUNO

6070,COMIRUCV/CARITAS DE VENEZUELA,NINGUNO

6229,COMISIÓN CENTRAL DE PLANIFICACIÓN  SERVICIO  NACIONAL DECONTRATACIOES (SNC),NINGUNO

6375,COMUNA "EL ÁRBOL LAS TRES RAICES". ,NINGUNO

6189,COMUNA SOCIALISTA Nº 83 JOSE ANTONIO  ANZOÀTEGUI. ,NINGUNO

6200,COMUNIDAD "BRISAS DEL PARQUE".,NINGUNO

3644,CONATEL  COMISIÓN NACIONAL DE TELECOMUNICACIONES  REPUBLICA BOLIVARIANA DE VENEZUELA  ,NINGUNO

6023,CONCEJO MUNICIPAL MUNICIPIO SUCRE  EDO. MIRANDA,NINGUNO

6180,CONSEJO COMUNAL  SAN ISIDRO DE GALIPAN  ,NINGUNO

6054,CONSEJO COMUNAL "BICENTENARIO DEL OESTE",NINGUNO

6159,CONSEJO COMUNAL DE TERRAZAS DE EL ÀVILA (CONSECOTEA).  ,NINGUNO

6130,CONSEJO COMUNAL EL HORNO LA ARENOSA VIA CORDERO R.L.,NINGUNO

6080,CONSEJO COMUNAL MONTAÑAS DE PIPE.  ,NINGUNO

6131,CONSEJO COMUNAL PUEBLITO VILLA NUEVA "DOÑA ELBA ROSARIO",NINGUNO

6181,CONSEJO COMUNAL Y VECINOS MARQUÈS NORTE.,NINGUNO

6387,CONSEJO DE TRABAJADORES  D. R. MÉRIDA  BARINASTRUJILLO.,NINGUNO

6230,CONSEJO DE TRABAJADORES SOCIALISTAS DEL PARQUE. G. F. DE MIRANDA.,NINGUNO

6250,CONSEJO DEL MUNICIPIO  SIMÓN  PLANAS  SARARE  EDO. LARA.,NINGUNO

6016,CONSEJO DEL MUNICIPIO BOLIVARIANO  LIBERTADOR COMISIÒN PERMANENTE DE INFRAESTRUCTURA  Y URBANISMO ,NINGUNO

6006,CONSEJO FEDERAL DE GOBIERNO DIRECCIÒN EJECUTIVA  FONDO DE COMPENSACIÒN  INTERTERRITORIAL.  ,NINGUNO

6292,CONSERVATORIO  DE MÚSICA  SIMÓN BOLÍVAR ,NINGUNO

3716,CONSULTORÍA JURÍDICA (INPARQUES),2873

3719,CONTRALORIA GENERAL DE LA REPUBLICA,NINGUNO

3720,CONTRALORIA GENERAL DE LA REPUBLICA  DIRECCION GENERAL DE CONTROL DE LA ADMINISTRACION NACIONAL DESCENTRALIZADA ,NINGUNO

5587,CONTRALORIA GENERAL DE LA REPUBLICA DIRECC. GENERAL  DE CONTROL DE EDOS. Y MUNICIPIOS  ,NINGUNO

6329,CONTRALORIA MUNICIPAL MUNICIPIO BOLIVARIANO LIBERTADOR D.C.,NINGUNO

6026,COOP. ALBA DE LA REVOLUCIÒN 2021,R.L.  ,NINGUNO

6409,COOP. VENACOOP 2021,R.L ,NINGUNO

6406,COORD.  PARQUE DE RECREACIÓN MOROMOY.,NINGUNO

6100,COORD. MONUMENTO NATURAL MORRITOS DE MACAIRA.,NINGUNO

6192,COORD. PARQUE DE RECREACIÒN LOS CHORROS.,NINGUNO

3764,COORD. PARQUE DEL OESTE ALI PRIMERA,NINGUNO

6421,COORD. PARQUE NACIONAL CANAIMA,NINGUNO

5761,COORD. PARQUE NACIONAL TEREPAIMA.  ,NINGUNO

6031,COORD. PARQUE NACIONAL WARAIRA REPANO NINGUNO

6423,COORD. PARQUE ZOOLOGICO CARICUAO NINGUNO

3768,COORDINACION  PARQUE NACIONAL LAGUNA DE TACARIGUA ,NINGUNO

3773,COORDINACIÓN DE BIENESTAR SOCIAL,NINGUNO

3790,COORDINACIÓN PARQUE "GENERALISIMO FRANCISCO DE MIRANDA",NINGUNO

3791,COORDINACION PARQUE NACIONAL ARCHIPIELAGO LOS ROQUES,NINGUNO

3793,COORDINACION PARQUE NACIONAL GUATOPO NINGUNO

3794,COORDINACIÒN PARQUE NACIONAL MACARAO NINGUNO

3795,COORDINACIÓN PARQUE NACIONAL PENINSULA DE PARIA,NINGUNO

3797,COORDINACION PARQUE ROMULO GALLEGOS (GALINDO),NINGUNO

3798,COORDINACION PARQUE ZOOLOGICO LAS DELICIAS,NINGUNO

3799,COORDINACIÓN PROGRAMA ESPECIAL PARQUE NACIONAL MORROCOY,NINGUNO

3803,COORDINACIÓN REGIONAL DELTA AMACURO NINGUNO

3804,COORDINACION REGIONAL PORTUGUESA,NINGUNO

3810,COORDINACION ZONA GUARICO NINGUNO

3811,COORDINACION ZONA TRUJILLO NINGUNO

5822,CORPORACIÒN  TELEVEN,C.A.,NINGUNO

3825,CORPORACION DE ABASTECIMIENTO Y SERVICIOS AGRÍCOLAS (LA CASA S.A.),NINGUNO

5650,CORPORACION DIGITEL,C.A.,NINGUNO

6246,CORPORACION YARACUYANA DE TURISMO (CORYATUR) ,NINGUNO

6249,CORTE PRIMERA DE LO CONTENCIOSO ADMINISTRATIVO NINGUNO

6345,CORTE SEGUNDA DE LO CONTENCIOSO ADMINISTRATIVO NINGUNO

6275,CREATIVIDAD & MEDIA ,NINGUNO

3866,D.G. EDUCACION AMBIENTAL Y PARTICIPACION COMUNITARIA,NINGUNO

3867,D.G.S DE PLANIFICACION Y PRESUPUESTO.,NINGUNO

3869,D.G.S. ADMINISTRACIÓN Y SERVICIOS  ,28802881

3870,D.G.S. DE INFORMACION Y RELACIONES PUBLICAS  ,NINGUNO

3872,D.G.S. INFRAESTRUCTURA.  ,EXT. 2836/2785

3873,D.G.S. INGRESOS PROPIOS. ,EXT. 2857/2833

3874,D.G.S. PARQUES DE RECREACIÓN  ,EXT. 2882/2883

3875,D.G.S. PARQUES NACIONALES,285.3592

3878,D.R.  MERIDA  BARINAS  TRUJILLO. ,NINGUNO

3879,D.R. AMAZONAS  ,NINGUNO

3880,D.R. ARAGUA  CARABOBO  COJEDES,NINGUNO

3881,D.R. BOLIVAR,NINGUNO

3882,D.R. CAPITAL,NINGUNO

3883,D.R. FALCON,NINGUNO

3884,D.R. GUARICO  APURE,NINGUNO

3885,D.R. LARA ,NINGUNO

3886,D.R. MERIDA BARINAS ,NINGUNO

3888,D.R. MIRANDA,NINGUNO

3889,D.R. MONAGAS DELTA AMACURO NINGUNO

3890,D.R. NOR  OCCIDENTAL,NINGUNO

3891,D.R. NUEVA ESPARTA  ,NINGUNO

3892,D.R. PORTUGUESA,NINGUNO

3893,D.R. SUCRE  ANZOÁTEGUI  ,NINGUNO

3895,D.R. TÁCHIRA,NINGUNO

3896,D.R. YARACUY,NINGUNO

3897,D.R. ZULIA,NINGUNO

6344,DALIS DARNOTT  ,NINGUNO

6401,DAMAIS JOSÉ CAMPOS  ,NINGUNO

3909,DEFENSORIA DEL PUEBLO NINGUNO

6349,DIANA VIOLETA ÁLVAREZ BLANCO. ,NINGUNO

5643,DIRECCION  PROYECTO  PNUD  INPARQUES  71841 ,NINGUNO

3952,DIRECCION DE BIENES Y SERVICIOS  INPARQUES  ,2800

5686,DIRECCION DE PERSONAL INPARQUES,NINGUNO

3965,DIRECCION DE SECRETARIA  INPARQUES,NINGUNO

3969,DIRECCION GENERAL (INPARQUES) ,NINGUNO

6208,DIVISIÒN DE CONTABILIDAD ,NINGUNO

3984,DIVISION DE INFORMATICA  INPARQUES,NINGUNO

3986,DIVISION DE LICITACIONES Y CONTRATOS  INPARQUES  ,NINGUNO

3987,DIVISION DE SERVICIOS GENERALES,NINGUNO

6298,EDEBELLE SILVA ,NINGUNO

6379,EDGARDO A. CHAVEZ  M.,NINGUNO

6185,EDUARDO  KAMENAR,NINGUNO

4039,EMBAJADA DE BRASIL  ,NINGUNO

4040,EMBAJADA DE CANADA  ,NINGUNO

6346,EMBAJADA DE FRANCIA EN VENEZUELA.  ,NINGUNO

6145,EMBAJADA DEL JAPON EN VENEZUELA.,NINGUNO

4064,EMBAJADA OF HTE UNITED STATES OF AMERICA,NINGUNO

4067,EMILIO BALI ASAPCHI ,NINGUNO

6365,EMILIO JOSE NAVAS,NINGUNO

6424,ERICK MEZA,NINGUNO

6325,ESCRITORIO JURIDICO   MEDINA Y ASOCIADOS,NINGUNO

5781,FAO REPRESENTACION  EN VENEZUELA  ,NINGUNO

6404,FEDERACIÓN NACIONAL DE TRABAJADORES AGROPECUARIOS RECURSOS NATURALES RENOVABLES,JARDINEROS Y SÍMILARES.,NINGUNO

4142,FISCALIA GENERAL DE LA REPUBLICA,NINGUNO

6405,FISCALIA OCTOGESIMA OCTAVA DE DEFENSA AMBIENTAL NIVEL NACIONAL,NINGUNO

4143,FISCALIA PRIMERA DE DEFENSA AMBIENTAL A NIVEL NACIONAL ,NINGUNO

4144,FISCALIA QUINCUAGESIMO CUARTO DEL MINISTERIO PUBLICO NINGUNO

4145,FISCALIA QUINTA DE DEFENSA AMBIENTAL A NIVEL NACIONAL  ,NINGUNO

4147,FISCALIA SEGUNDA DE DEFENSA AMBIENTAL CON COMPETENCIA A NIVEL NACIONAL,4086560

4148,FISCALIA SEXTA DE DEFENSA AMBIENTAL A NIVEL NACIONAL,NINGUNO

4149,FISCALIA SUPERIOR DE LA CIRCUNSCRIPCION JUDICIAL DEL EDO.MIRANDA ,NINGUNO

4150,FISCALIA TERCERA DE DEFENSA AMBIENTAL A NIVEL NACIONAL ,NINGUNO

4159,FONDO DE DESARROLLO NACIONALS.A. (FONDEN).  ,NINGUNO

6412,FONDO NACIONAL DE GARANTIAS RECÍPROCAS PARA LA PEQUEÑA Y MEDIANA EMPRESA  FONPYME,SA,NINGUNO

4170,FOOD AND AGRICULTURE ORGANIZATION OF THE UNITED NATIONS,NINGUNO

6367,FRANCISCO  ESTRADA   KAREN PROPHETE.,NINGUNO

6399,FRANK ALEJANDRO FARFÁN,NINGUNO

6352,FRENTE GUADALUPANO MIRANDA.,NINGUNO

6106,FRENTE REVOLUCIONARIO DE ARTESANOS DE VENEZUELA.  ,NINGUNO

6134,FUNCIONARIOS DE INPARQUES,NINGUNO

4192,FUNDABANCOEX,NINGUNO

5729,FUNDACION  NACIONAL  EL NIÑO SIMON.,NINGUNO

6133,FUNDACIÒN  REGALANDO SONRISAS ,NINGUNO

6413,FUNDACIÓN FONDO DE VALORES  INMOBILIARIOS,NINGUNO

4229,FUNDACION GENERALISIMO FRANCISCO DE MIRANDA  ,NINGUNO

6028,FUNDACIÒN GRAN MARISCAL DE AYACUCHO (FUNDAYACUCHO),NINGUNO

6289,FUNDACIÓN GUARDEAM  ,NINGUNO

4235,FUNDACION INSTITUTO BOTANICO DE VENEZUELA DR. TOBIAS LASSER ,NINGUNO

6338,FUNDACIÓN MUSEOS NACIONALES  MUSEO  DE CIENCIAS,NINGUNO

6268,FUNDACIÓN MUSICAL SIMÓN BOLÍVAR.,NINGUNO

6368,FUNDACIÓN T.V.COMUNITARIA VENEZUELA HERÓICA  ,NINGUNO

6068,FUNDAMBIENTE,NINGUNO

6088,GARCIA BELLORIN & ASOCIADOS. CONTADORES  PUBLICOS.,NINGUNO

5854,GARDEN  CENTER.,NINGUNO

5564,GOBERNACION  BOLIVARIANA DEL EDO VARGAS ,NINGUNO

4310,GOBERNACIÓN DEL ESTADO ANZOATEGUI  ,NINGUNO

4312,GOBERNACION DEL ESTADO ARAGUA ,NINGUNO

4313,GOBERNACION DEL ESTADO CARABOBO NINGUNO

4314,GOBERNACIÓN DEL ESTADO COJEDES,NINGUNO

4316,GOBERNACIÓN DEL ESTADO LARA,NINGUNO

4317,GOBERNACION DEL ESTADO MERIDA ,NINGUNO

4318,GOBERNACION DEL ESTADO MIRANDA,NINGUNO

4319,GOBERNACIÓN DEL ESTADO NUEVA ESPARTA,NINGUNO

4320,GOBERNACION DEL ESTADO TACHIRA,NINGUNO

4321,GOBERNACIÓN DEL ESTADO TRUJILLO NINGUNO

4322,GOBERNACIÓN DEL ESTADO YARACUY,NINGUNO

4323,GOBIERNACION DEL ESTADO MONAGAS  CORPORACION MONAGUENSE DE TURISMO (CORMOTUR),NINGUNO

5618,GOBIERNO DEL DISTRITO  CAPITAL,NINGUNO

6030,GRUPO DE LUCHADORES,INTERCOMUNAL  CORO  LA VELA ,NINGUNO

6359,GUARDAPARQUES Y PERSONAL OBRERO DE LA COORD. PARQUE NACIONAL GUATOPO  ,NINGUNO

6398,HÉCTOR TRUJILLO NINGUNO

6039,HIDROCAPITAL,NINGUNO

6306,HIDROCENTRO C.A.,NINGUNO

5872,HIDROSUROESTE C.A.  FILIAL DE HIDROVEN ,NINGUNO

4406,HIDROVEN,hvenpres@cantv.ne

6415,HUGO ALBERTO DIAZ SULBARAN Y MARIA DEL PILAR RODRIGUEZ ,NINGUNO

4417,I.V.S.S.,NINGUNO

6171,IDELVADONSKY STUFANO CALDERÒN ,NINGUNO

4485,INSTITUTO DEL PATRIMONIO CULTURAL (IPC) ,NINGUNO

4486,INSTITUTO GEOGRÁFICO DE VENEZUELA SIMÓN BOLÍVAR,5461220 FAX 

6058,INSTITUTO NACIONAL DE  ESTADÌSTICA ,NINGUNO

6271,INSTITUTO NACIONAL DE TRANSPORTE TERRESTRE. (INTT),NINGUNO

6048,INVERSIONES BONILLO 1982 C.A. ,NINGUNO

6047,INVERSIONES GAMBI,C.A.  ,NINGUNO

6094,IPOSTEL INSTITUTO POSTAL TELEGRÀFICO DE VENEZUELA,NINGUNO

6420,IRAIMA ZAMBRANO DE BRICEÑO NINGUNO

6384,ISAMAR POLEO NINGUNO

6168,JEFATURA DE GOBIERNO DELTERRITORIO INSULAR FRANCISCO DE MIRANDA  ,NINGUNO

6161,JHON STODDART  DIANA HENRIQUEZ.,NINGUNO

6380,JOHANNA LISSET PATIÑO RUBIO NINGUNO

6187,JUARNAITH ELIZABETH CURVELO CISNEROS,NINGUNO

6232,JUBILADOS PENSIONADOS DE  (INPARQUE),NINGUNO

4616,JUNTA DIRECTIVA DE INPARQUES  ,NINGUNO

6087,JUZGADO  DE PRIMERA  INSTANCIA  ESTADAL EN LO  PENAL EN FUNCIONES  SEXTO DE  CONTROL DEL EDO. ARAGUA,NINGUNO

4623,JUZGADO CUADRAGÉSIMO QUINTO DE CONTROL DEL TRIBUNAL DE PRIMERA INSTANCIA DEL CIRCUITO JUDICIAL PENAL DEL ÁREA METROPOLITANA DE CARACAS,NINGUNO

4622,JUZGADO CUADRAGESIMO TERCERO DE PRIMERA INSTANCIA DE SUSTANCIACIÒN MEDIACIÒN Y EJECUCIÒN DEL REGIMEN PROCESAL TRANSITORIO DEL TRABAJO DE LA,NINGUNO

6261,JUZGADO CUARTO DE MUNICIPIO DE LA CIRCUNSCRIPCIÓN  JUDICIAL  DEL EDO. VARGAS,NINGUNO

6065,JUZGADO DE SUSTANCIACIÒN ,NINGUNO

6244,JUZGADO PRIMERO DE PRIMERA INSTANCIA  AGRARIA  DE LA CIRCUNSCRIPCIÓN  JUDICIAL DEL EDO. TÁCHIRA.  ,NINGUNO

4624,JUZGADO PRIMERO DE PRIMERA INSTANCIA DEL TRABAJO DE LA CIRCUNSCRIPCION JUDICIAL DEL AREA METROP. DE CARACAS ,NINGUNO

4625,JUZGADO PRIMERO DE SUSTANCION,MEDIACION Y EJECUCION DEL REGIMEN PROCESAL TRANSITORIO DEL CIRCUITO JUDICIAL DEL TRABAJO DE LA CIRCUNSCRIPCION  ,NINGUNO

6414,JUZGADO QUINTO (5º) DE PRIMERA INSTANCIA ESTADAL EN FUNCIONES DE CONTROL DEL CIRCUITO JUDICIAL PENAL DEL ÁREA METROPOLITANA  DE CARACAS,NINGUNO

4626,JUZGADO SEGUNDO DE PRIMERA INSTANCIA EN LO CIVIL,MERCANTIL DEL TRANSITO Y AGRARIO DE LA CIRCUNSCRIPCION JUDICIAL DEL ESTADO VARGAS  ,NINGUNO

4627,JUZGADO SUPERIOR  EN LO CIVIL (BIENES) CONTENCIOSO ADMINISTRATIVO Y AGRARIO DE LA REGION SUR DE LA CIRCUNSCRIPCIÓN JUDICIAL DEL ESTDO APURE Y  ,NINGUNO

6027,JUZGADO SUPERIOR AGRARIO DE LA CIRCUNSCRIPCIÒN   JUDICIAL DE ESTADO ARAGUA Y CARABOBO.  ,NINGUNO

6228,JUZGADO SUPERIOR CIVIL Y CONTENCIOSO  ADMT.  DE LA CIRCUNSCRIPCIÓN  JUDICIAL  DE LA R. DE LOS ANDES.,NINGUNO

4628,JUZGADO SUPERIOR CONTENCIOSO ADMINISTRATIVO REGION CENTRO OCCIDENTAL  ,NINGUNO

6348,JUZGADO SUPERIOR ESTADAL DE LO CONTENCIOSO ADMINISTRATIVO DE LA CIRCUNSCRIPCIÓN  JUDICIAL DEL EDO TÁCHIRA.  ,NINGUNO

4629,JUZGADO SUPERIOR PRIMERO AGRARIO NINGUNO

4630,JUZGADO SUPERIOR PRIMERO DE TRANSICION DE LO CONTENCIOSO ADMINISTRATIVO DE LA REGION CAPITAL ,NINGUNO

4631,JUZGADO SUPERIOR QUINTO DE LO CONTENCIOSO ADMINISTRATIVO REGION CAPITAL,NINGUNO

4632,JUZGADO SUPERIOR SEGUNDO EN LO CIVIL Y CONTENCIOSO ADMINISTRATIVO DE LA CIRCUNSCRIPCION JUDICIAL DE LA REGION CAPITAL ,NINGUNO

4633,JUZGADO SUPERIOR SEPTIMO DE LO CONTENCIOSO ADMINISTRATIVO NINGUNO

6060,JUZGADO SUPERIOR SEPTIMO EN LO CONTENCIOSO ADM. DE LA REGIÒN CAPITAL  ,NINGUNO

4634,JUZGADO SUPERIOR SEXTO DE LO CONTENCIOSO ADMINISTRATIVO DE LA REGION CAPITAL,NINGUNO

6418,JUZGADO SUPERIOR TERCERO EN LO CIVIL Y CONTENCIOSO ADMINISTRATIVO DE LA CIRCUNSCRIPCIÓN  JUDICIAL DE LA R. CAPITAL,NINGUNO

6358,JUZGADO TERCERO DE MUNICIPIO DE LA CIRCUNSCRIPCIÓN JUDICIAL DEL EDO. VARGAS.,NINGUNO

4636,JUZGADO TRIGESIMO NOVENO DE PRIMERA INSTANCIA EN FUNCIONES DE CONTROL DEL CIRCUITO JUDICIAL PENAL DEL AREA METROPOLITANA DE CARACAS  ,NINGUNO

4637,JUZGADO VIGESIMO NOVENO DE PRIMERA INSTANCIA EN FUNCION DE CONTROL DEL CIRCUITO JUDICIAL PENAL DEL AREA METROPOLITANA DE CARACAS.,NINGUNO

6259,JUZGADO VIGESIMO SEXTO (26ª) DE PRIMERA INSTANCIA  EN FUNCIÓN DE CONTROL DE CARACAS.,NINGUNO

6303,LIBANBRAGA,C.A.,NINGUNO

6370,LIC. EDGAR CLARO.,NINGUNO

5743,M. PUBLICO  FISCALIA SEPTUAGESIMA QUINTA  DEL AREA METROPOLITANA DE CARACAS CON COMPETENCA PLENA.,NINGUNO

4730,M.P FISCAL CUADRAGÈSIMA CUARTA  A NIVEL NACIONAL CON COMPETENCIA PLENA.,NINGUNO

6081,M.P. DIRECCIÒN DE DEFENSA INTEGRAL DEL AMBIENTE Y DELITO AMBIENTAL.,NINGUNO

5724,M.P. ESCUELA NACIONAL DE FISCALES  ,NINGUNO

5971,M.P. FISCALIA NONAGÈSIMA DE DEFENSA AMBIENTAL A NIVEL NACIONAL.  ,NINGUNO

6381,M.P. FISCALÍA OCTOGÉSIMA OCTAVA DE DEFENSA AMBIENTAL A NIVEL NACIONAL.,NINGUNO

6015,M.P. FISCALÌA OCTOGÈSIMA QUINTA (85º) DE DEFENSA AMBIENTAL  A NIVEL NACIONAL,NINGUNO

6366,M.P. FISCALÍA OCTOGÉSIMA SÉPTIMA (87º) DE DEFENSA AMBIENTAL A NIVEL NACIONAL,NINGUNO

6190,M.P. FISCALIA OCTOGÈSIMO NOVENO (89º) DE DEFENSA AMBIENTAL A NIVEL  NACIONAL,NINGUNO

6211,M.P. FISCALIA SEXTA  CIRCUNSCRIPCIÒN  JUDICIAL  DEL EDO  YARACUY  CON COMPETENCIA EN MATERIA  DE DEFENSA  AMBIENTAL.  ,NINGUNO

5846,M.P.P.  AGRICULTURA Y TIERRAS INSTITUTO DE LA PESCA Y ACUICULTURA (INSOPESCA):,NINGUNO

6137,M.P.P. AGRICULTURA Y TIERRAS FUNDACIÒN TIERRA FÈRTIL  ,NINGUNO

6129,M.P.P. AMBIENTE  DIRECCIÒN TÈCNICA DE LAS ZONAS COSTERAS.  ,NINGUNO

6043,M.P.P. AMBIENTE  OFICINA DE ADMINISTRACIÒN Y SERVICIOS,NINGUNO

6029,M.P.P. AMBIENTE DIRECCIÒN ESTADAL AMBIENTAL CARABOBO  ,NINGUNO

6003,M.P.P. CIENCIATECNOLOGIA E INDUSTRIAS INTERMEDIAS FUNDACIÒN VENEZOLANA DE INVESTIGACIONES SISMOLÒGICAS (FUNVISIS),NINGUNO

5665,M.P.P. CIENCIATECNOLOGIA E INDUSTRIAS INTERMEDIAS. OBSERVATORIO N. DE C. TECNOLOGIA (ONCTI).,NINGUNO

5868,M.P.P. CIENCIATECNOLOGÌA E INNOVACIÒN  FUNDACIÒN GRAN MARISCAL DE AYACUCHO. ,NINGUNO

6063,M.P.P. COMERCIO  INTERIOR,NINGUNO

6025,M.P.P. COMUNAS Y PROTECCIÒN SOCIAL ,NINGUNO

5929,M.P.P. COMUNAS Y PROTECCIÒN SOCIAL  FONDO DE DESARROLLO MICROFINANCIERO.(FONDEMI) ,NINGUNO

6410,M.P.P. COMUNICACIÓN Y LA INFORMACIÓN  IMPRENTA NACIONAL Y GACETA OFICIAL  ,NINGUNO

6116,M.P.P. DE  PLANIFICACIÒN Y FINANZAS  D. G. DEL DESPACHO DEL MINISTRO ,NINGUNO

6408,M.P.P. DE FINANZAS * SUPERINTENDENCIA DE SEGURIDAD SOCIAL.  ,NINGUNO

6354,M.P.P. DE FINANZAS BOLIVARIANA DE SEGUROS Y REASEGUROS  S.A.,NINGUNO

6319,M.P.P. DE INDUSTRIASCORPIVENSA,NINGUNO

6279,M.P.P. DE PLANIFICACIÓN Y FINANZAS SUPERINTENDENCIA DE BIENES PÚBLICOS,NINGUNO

6336,M.P.P. DE PLANIFICACION Y FINANZASDIRECCION DE SERVICIOS FINANCIEROS ,NINGUNO

5608,M.P.P. DEL DESPACHO DE LA PRESIDENCIA  DESPACHO DEL MINISTRO  D. G. SEGUIMIENTO Y CONTROL  ,NINGUNO

4734,M.P.P. DEL DESPACHO DE LA PRESIDENCIA DIRECCION G. DE CONSULTORIA JURIDICA,NINGUNO

5884,M.P.P. DESPACHO DE LA PRESIDENCIA D. G. DEL DESPACHO  ,NINGUNO

6396,M.P.P. EL COMERCIO DIRECCIÓN GENERAL DEL DESPACHO.,NINGUNO

4736,M.P.P. PARA  EL AMBIENTE   CONSULTORÍA JURÍDICA  ,NINGUNO

4738,M.P.P. PARA  EL AMBIENTE   DESPACHO DEL VICEMINISTRO DEL AGUA,NINGUNO

4743,M.P.P. PARA  EL AMBIENTE   DIRECCION GENERAL DE CALIDAD AMBIENTAL,FAX: 2392698

4744,M.P.P. PARA  EL AMBIENTE   DIRECCIÓN GENERAL DE PLANIFICACIÓN Y ORDENCIÓN AMBIENTAL,NINGUNO

4745,M.P.P. PARA  EL AMBIENTE  AUTORIDAD UNICA DE AREA PARQUE NACIONAL ARCHIPIELAGO LOS ROQUES,NINGUNO

4746,M.P.P. PARA  EL AMBIENTE  CONARE  ,NINGUNO

4748,M.P.P. PARA  EL AMBIENTE  COORDINADORA GENERAL DE LAS DIRECCIONES ESTADALES AMBIENTALES (DEAS),NINGUNO

4750,M.P.P. PARA  EL AMBIENTE  DIRECCION DE COMUNICACIÓN INSTITUCIONAL,NINGUNO

4769,M.P.P. PARA  EL AMBIENTE  DIRECCION ESTADAL TRUJILLO  ,NINGUNO

4772,M.P.P. PARA  EL AMBIENTE  DIRECCIÓN GENERAL DE BOSQUES,NINGUNO

4773,M.P.P. PARA  EL AMBIENTE  DIRECCION GENERAL DE CALIDAD AMBIENTAL,NINGUNO

4775,M.P.P. PARA  EL AMBIENTE  DIRECCION GENERAL DE CUENCAS HIDROGRAFICAS ,NINGUNO

4777,M.P.P. PARA  EL AMBIENTE  DIRECCIÓN GENERAL DE EDUCACIÓN AMBIENTAL Y PARTICIPACIÓN COMUNITARIA,NINGUNO

4781,M.P.P. PARA  EL AMBIENTE  DIRECCIÓN GENERAL DE LA OFICINA DE AUDITORÍA  INTERNA.  ,NINGUNO

4778,M.P.P. PARA  EL AMBIENTE  DIRECCION GENERAL DE PERMISIONES ,NINGUNO

4784,M.P.P. PARA  EL AMBIENTE  DIRECCIÓN GENERAL DE VIGILANCIA Y CONTROL AMBIENTAL.,NINGUNO

4776,M.P.P. PARA  EL AMBIENTE  DIRECCIÓN GENERAL DEL  DESPACHO  ,4081020/1024  

4787,M.P.P. PARA  EL AMBIENTE  DIRECCIÓN RECURSOS HUMANOS  ,NINGUNO

4788,M.P.P. PARA  EL AMBIENTE  FUNDACION NACIONAL DE PARQUES ZOOLOGICOS Y ACUARIOS (FUNZA)  ,NINGUNO

4791,M.P.P. PARA  EL AMBIENTE  OFICINA DE ANÁLISIS ESTRATÉGICO  ,NINGUNO

4793,M.P.P. PARA  EL AMBIENTE  OFICINA DE GESTIÓN Y COOPERACIÓN INTERNACIONAL  ,NINGUNO

4794,M.P.P. PARA  EL AMBIENTE  OFICINA DE PLANIFICACION Y PRESUPUESTO NINGUNO

4795,M.P.P. PARA  EL AMBIENTE  OFICINA NACIONAL DE DIVERSIDAD BIOLOGICA,NINGUNO

4799,M.P.P. PARA  EL AMBIENTE  VENEHMET,NINGUNO

4803,M.P.P. PARA  EL AMBIENTE  VICEMINISTRO DE CONSERVACIÓN AMBIENTAL,NINGUNO

4805,M.P.P. PARA  EL AMBIENTE DIRECCION GENERAL DE EDUCACION AMBIENTAL Y PARTICIPACION COMUNITARIA,408485640815404

4806,M.P.P. PARA  EL AMBIENTE DIRECCION GENERAL DE EQUIPAMIENTO AMBIENTAL ,NINGUNO

6184,M.P.P. PARA  EL TURISMO (VENETUR). ,NINGUNO

4808,M.P.P. PARA  EL TURISMO VENEZOLANA DE TELEFÈRICOS (VENTEL). ,NINGUNO

4810,M.P.P. PARA  LA AGRICULTURA Y TIERRA  INSTITUTO NACIONAL DE INVESTIGACIONES AGRICOLAS  ,NINGUNO

4811,M.P.P. PARA  LA COMUNICACIÓN Y LA INFORMACIÓN,NINGUNO

4812,M.P.P. PARA  LA CULTURA  ,NINGUNO

4814,M.P.P. PARA  LA PLANIFICACION Y DESARROLLO NINGUNO

6308,M.P.P. PARA  LA SALUD  RECURSOS HUMANOS.,NINGUNO

5717,M.P.P. PARA  TRANSPORTE Y COMUNICACIONES,NINGUNO

5746,M.P.P. PARA CIENCIA,TECN.  ( ABAE)  AGENCIA BOLIVARIANA PARA ACTIVIDADAES ESPACIALES . ,NINGUNO

4816,M.P.P. PARA EL  AMBIENTE DIRECCIÓN DE ESTUDIOS Y PROYECTOS  DIVISIÓN DE ESTUDIOS CARTOGRÁFICOS Y CATASTRALES,NINGUNO

4817,M.P.P. PARA EL AMBIENTE  COMISION NACIONAL DE DEMARCACION DEL HABITAT Y TIERRAS DE LOS PUEBLOS Y COMUNIDADES INDIGENAS,NINGUNO

5582,M.P.P. PARA EL AMBIENTE  DESPACHO DEL MINISTRO NINGUNO

4822,M.P.P. PARA EL AMBIENTE  DIRECCION ESTADAL AMBIENTAL  TÁCHIRA,NINGUNO

4819,M.P.P. PARA EL AMBIENTE  DIRECCION ESTADAL AMBIENTAL BOLÍVAR,NINGUNO

4820,M.P.P. PARA EL AMBIENTE  DIRECCIÓN ESTADAL AMBIENTAL DE DISTRITO CAPITAL Y VARGAS ,NINGUNO

4821,M.P.P. PARA EL AMBIENTE  DIRECCION ESTADAL AMBIENTAL DELTA AMACURO NINGUNO

4823,M.P.P. PARA EL AMBIENTE  DIRECCION ESTADAL AMBIENTAL MERIDA,NINGUNO

4824,M.P.P. PARA EL AMBIENTE  DIRECCION ESTADAL AMBIENTAL MIRANDA,NINGUNO

5737,M.P.P. PARA EL AMBIENTE  DIRECCION ESTADAL AMBIENTAL NUEVA ESPARTA,NINGUNO

4825,M.P.P. PARA EL AMBIENTE  DIRECCION ESTADAL AMBIENTAL SUCRE ,NINGUNO

4827,M.P.P. PARA EL AMBIENTE  INSTITUTO GEOGRAFICO SIMÓN BOLÍVAR,NINGUNO

4828,M.P.P. PARA EL AMBIENTE  INSTITUTO NACIONAL DE METEOROLOGIA E HIDROLOGIA (INAMEH) ,NINGUNO

5786,M.P.P. PARA EL AMBIENTE DIRECCIÒN ESTADAL AMBIENTAL ANZOÀTEGUI. ,NINGUNO

6376,M.P.P. PARA EL AMBIENTE VICEMINISTRO DE ORDENACIÓN Y ADMINISTRACIÓN AMBIENTAL.,NINGUNO

5662,M.P.P. PARA EL COMERCIO. ,NINGUNO

4832,M.P.P. PARA EL DEPORTE,NINGUNO

5970,M.P.P. PARA EL SERVICIO  PENITENCIARIO (FONEP),NINGUNO

4834,M.P.P. PARA EL TRABAJO NINGUNO

6264,M.P.P. PARA EL TRANSPORTE TERRESTRE VICEMINISTRO DE PLANIFICACIÓN Y DISEÑO NINGUNO

5779,M.P.P. PARA EL TRANSPORTE Y COMUNICACIONES  DIRECTOR GENERAL DE VIALIDAD  ,NINGUNO

4840,M.P.P. PARA EL TURISMO   MINTUR.  ,NINGUNO

4841,M.P.P. PARA EL TURISMO   VICEMINISTRO DE GESTIÓN DEL DESARROLLO TURÍSTICO ,NINGUNO

4842,M.P.P. PARA EL TURISMO  GERENTE SISTEMA TELEFÉRICO  WARAIRAREPANO.,NINGUNO

5810,M.P.P. PARA EL TURISMO  VICEMINISTRO DE CALIDAD Y SERVICIOS TURÌSTICO NINGUNO

6210,M.P.P. PARA EL TURISMO (INATUR).,NINGUNO

4843,M.P.P. PARA EL TURISMO DESPACHO DEL  MINISTRO NINGUNO

4844,M.P.P. PARA EL TURISMO FONDO DE TURISMO MERIDA,NINGUNO

4845,M.P.P. PARA INTERIOR Y JUSTICIA,NINGUNO

4846,M.P.P. PARA LA  AGRICULTURA Y TIERRAS,NINGUNO

4848,M.P.P. PARA LA  EDUCACION,NINGUNO

4856,M.P.P. PARA LA AGRICULTURA Y TIERRAS  INSTITUTO NACIONAL DE TIERRAS (INTI),NINGUNO

4858,M.P.P. PARA LA ALIMENTACIÒN,NINGUNO

4859,M.P.P. PARA LA ALIMENTACION  MERCADOS DE ALIMENTOS,C.A. (MERCAL),NINGUNO

5579,M.P.P. PARA LA ALIMENTACION CASA CORP.DE ABASTECIMIENTO Y SERV. AGRICOLAS,NINGUNO

4860,M.P.P. PARA LA CIENCIA Y TECNOLOGIA,NINGUNO

4861,M.P.P. PARA LA CIENCIA Y TECNOLOGIA  CONSULTORIA JURÍDICA  ,NINGUNO

4863,M.P.P. PARA LA CIENCIA Y TECNOLOGIA  FONDO NACIONAL DE CIENCIA TECNOLOGIA E INNOVACION ,NINGUNO

4865,M.P.P. PARA LA CIENCIA Y TECNOLOGIA  INSTITUTO VENEZOLANO DE INVESTIGACIONES CIENTIFICAS (IVIC)  ,NINGUNO

4867,M.P.P. PARA LA COMUNICACIÓN E INFORMACION,NINGUNO

4868,M.P.P. PARA LA CULTURA  FUNDACION VILLA DEL CINE ,NINGUNO

4870,M.P.P. PARA LA CULTURA  INSTITUTO DEL PATRIMONIO CULTURAL  ,NINGUNO

4871,M.P.P. PARA LA CULTURA (CENAL  CENTRO NACIONAL DEL LIBRO)  ,NINGUNO

4872,M.P.P. PARA LA CULTURA CNAC (CENTRO NACIONAL AUTONOMO DE CINEMATOGRAFIA,NINGUNO

6383,M.P.P. PARA LA DEFENSA,NINGUNO

5842,M.P.P. PARA LA DEFENSA  COMANDO  DE AVIACIÒN EJÈRCITO BOLIVARIANO.,NINGUNO

4876,M.P.P. PARA LA DEFENSA  COMANDO NAVAL DE OPERACIONES  ,NINGUNO

4877,M.P.P. PARA LA DEFENSA  CONSULTORIA JURIDICA,NINGUNO

4878,M.P.P. PARA LA DEFENSA  DIRECCION DE GEOGRAFIA Y CARTOGRAFIA DE LA FUERZA ARMADA  ,NINGUNO

4879,M.P.P. PARA LA DEFENSA  DIRECCION DE GUARDERIA DEL AMBIENTE,NINGUNO

6235,M.P.P. PARA LA DEFENSA  EJÉRCITO BOLIVARIANO ,NINGUNO

4886,M.P.P. PARA LA DEFENSA  UNEFA,NINGUNO

5601,M.P.P. PARA LA DEFENSA DESPACHO DEL MINISTRO NINGUNO

5803,M.P.P. PARA LA DEFENSACOMANDANCIA GENERAL DE LA ARMADA COMANDO NAVAL DE EDUCACIÒN.,NINGUNO

4893,M.P.P. PARA LA EDUCACION ,NINGUNO

4898,M.P.P. PARA LA EDUCACION SUPERIOR  ,NINGUNO

6052,M.P.P. PARA LA JUVENTUD  ,NINGUNO

4910,M.P.P. PARA LA SALUD  INSTITUTO NACIONAL DE NUTRICION (INN),NINGUNO

4916,M.P.P. PARA LAS COMUNAS Y PROTECCION SOCIAL (IDENNA). ,NINGUNO

5621,M.P.P. PARA LAS COMUNAS Y PROTECCION SOCIAL INASS,NINGUNO

4917,M.P.P. PARA LAS FINANCIAS  SUPERINTENDENCIA DE SEGUROS,NINGUNO

4918,M.P.P. PARA LAS FINANZAS  FONDEN  ,NINGUNO

4919,M.P.P. PARA LAS FINANZAS  OFICINA NACIONAL DE CONTABILIDAD PUBLICA,NINGUNO

4924,M.P.P. PARA LAS RELACIONES EXTERIORES,8646526

4928,M.P.P. PARA LAS RELACIONES INTERIORES  Y DE JUSTICIA  OFICINA NACINAL ANTIDROGAS (ONA) ,NINGUNO

4929,M.P.P. PARA LAS RELACIONES INTERIORES Y DE JUSTICIA  DIRECCION GENERAL DE PREVENCION DEL DELITO  ,NINGUNO

4930,M.P.P. PARA LAS RELACIONES INTERIORES Y JUSTICIA  CICPC,NINGUNO

4931,M.P.P. PARA LAS RELACIONES INTERIORES Y JUSTICIA  DIRECCIÓN NACIONAL DE PROTECCIÓN CIVIL Y ADMINISTRACIÓN DE DESASTRES.,NINGUNO

6284,M.P.P. PARA RELACIONES EXTERIORES VICEMINISTRO  PARA ASIA,MEDIO ORIENTE Y OCEANÍA.,NINGUNO

5723,M.P.P. PARA RELACIONES INTERIORES Y JUSTICIA DIRECCION  GENERAL  SEBIN.,NINGUNO

5787,M.P.P. PARA RELACIONES INTERIORES Y JUSTICIA FONDO NACIONAL PARA EDIFICACIONES PENITENCIARIAS,NINGUNO

5828,M.P.P. PLANIFICACIÒN Y FINANZAS  OFICINA NACIONAL DE CONTABILIDAD PÙBLICA (ONCOP) ,NINGUNO

6009,M.P.P. PLANIFICACIÒN Y FINANZAS OFICINA DE COOP. TÈCNICA Y FINANCIAMIENTO MULTILATERAL.,NINGUNO

6147,M.P.P. RELACIONES  EXTERIORES DESPACHO DE LA VICEMINISTRA PARA AMÈRICA LATINA Y EL CARIBE.  ,NINGUNO

6013,M.P.P. RELACIONES EXTERIORES  DESPACHO DEL MINISTRO  OFICINA DE ASUNTOS MULTILATERALES Y DE INTEGRACIÒN,NINGUNO

6007,M.P.P. TURISMO  DIRECTOR GENERAL DE LA OFICINA DE CONSULTORIA JURIDICA.,NINGUNO

6139,M.P.P. TURISMO  INSTITUTO NACIONAL DE TURISMO  (INATUR),NINGUNO

4956,M.P.P.PARA  EL TRABAJO Y SEGURIDAD SOCIAL,NINGUNO

6377,M.P.P.PARA EL COMERCIO SUMINISTROS VENEZOLANOS INDUSTRIALES C.A. (SUVINCA) ,NINGUNO

6394,M.P.P.PARA EL TRANSPORTE ACUÁTICO Y AÉREO  (BAER).,NINGUNO

4962,M.P.P.PARA LA EDUCACION FUNDACION COLOMBEIA ,NINGUNO

4967,M.P.P.PARA LA VIVIENDA Y HABITAT,NINGUNO

5879,M.P.P.PARA LAS COMUNAS Y PROTECCIÒN  SOCIAL (SAFONACC) SERVICIO AUTÒNOMO FONDO NACIONAL DE LOS CONSEJOS COMUNALES.,NINGUNO

5752,M.P.P.PARA LAS COMUNAS Y PROTECCION SOCIALCONSEJO NACIONAL PARA PERSONAS CON DISCAPACIDAD (CONAPDIS). ,NINGUNO

6162,M.P.P.TRANSPORTE ACUÀTICO Y  AÈREO  INSTITUTO  NACIONAL  DE LOS ESPACIOS ACUÀTICOS (INEA).,NINGUNO

6282,MARINA  COSTA AZUL,C.A. ,NINGUNO

6042,MARINA LA CUEVITA.  ,NINGUNO

6391,MAURO JOSÉ REYES CHIRINOS,NINGUNO

3530,METRO DE CARACAS,NINGUNO

6417,MIGUEL ARVELAIZ  MIEMBRO PRICIPAL ,NINGUNO

6382,MIGUEL SEGUNDO GARCIA FUENTES ,NINGUNO

6393,MINISTRO DE ESTADO PARA LA TRANSFORMACIÓN  REVOLUCIONARIA DE LA GRAN CARACAS,NINGUNO

6154,NAVIBUS,NINGUNO

5890,NELSON LUIS TABLANTE  AUDITOR DE LA CONTRALORÌA GENERAL DE LA REPÙBLICA.  ,NINGUNO

6386,NELSON PEREZ PEREZ  ,NINGUNO

6419,NEYDA M. PLATT GONZÁLEZ  ,NINGUNO

6400,OFICINA DE INFORMACIÓN Y RELACIONES PÚBLICAS ,NINGUNO

5796,OFICINA DE INGRESOS PROPIOS,NINGUNO

5128,OFICINA NACIONAL ANTIDROGA (ONA),NINGUNO

6371,OFICINA NACIONAL DE PRESUPUESTO NINGUNO

6188,ORQUESTA SINFÒNICA  VENEZUELA.,NINGUNO

6385,OSCAR SÁNCHEZ  ,NINGUNO

5642,PARQUE  DE  RECREACION  " LA  AGUADA ". ,NINGUNO

5188,PARQUE  DE RECREACION LOS MARICHES ,NINGUNO

5656,PARQUE  METROPOLITANO  GOBERNACION  DE ARAGUA.,NINGUNO

5647,PARQUE  NACIONAL  MACARAO.,NINGUNO

5189,PARQUE AVENTURA ROBINSON (Rómulo YORDI CARVAJAL)  ,6629880 /

5190,PARQUE DE RECREACION CUEVAS DEL INDIO NINGUNO

5191,PARQUE DE RECREACION FRANCISCO TAMAYO NINGUNO

5192,PARQUE DE RECREACIÓN LOS CHORROS,NINGUNO

5193,PARQUE DE RECREACIÓN LOS MARICHES. ,NINGUNO

5195,PARQUE ECOTURISTICO RECREATIVO ESTACION LA VICTORIA MUNICIPIO JOSE FELIX RIVAS,NINGUNO

5196,PARQUE METROPOLITANO EL JUNQUITO NINGUNO

5210,PARQUE NACIONAL  LAGUNA DE TACARIGUA,NINGUNO

5198,PARQUE NACIONAL CANAIMA  ,NINGUNO

5200,PARQUE NACIONAL EL TAMA  ,NINGUNO

5201,PARQUE NACIONAL GUATOPO  ,NINGUNO

5813,PARQUE NACIONAL LAGUNA TACARIGUA,NINGUNO

5202,PARQUE NACIONAL MOCHIMA  ,NINGUNO

5203,PARQUE NACIONAL MORROCOY ,NINGUNO

5205,PARQUE NACIONAL SIERRA NEVADA ,NINGUNO

5206,PARQUE NACIONAL TEREPAIMA,NINGUNO

5207,PARQUE NACIONAL YURUBI  INPARQUES  YARACUY ,NINGUNO

5208,PARQUE ROMULO GALLEGOS  GALINDO NINGUNO

5209,PARQUE ZOOLOGICO DE CARICUAO  ,NINGUNO

5909,PARQUE ZOOLÒGICO LAS DELICIAS ,NINGUNO

5211,PARQUES NACIONALES NATURALES DE COLOMBIA  DIRECCION GENERAL,NINGUNO

6174,PARTIDO SOCIALISTA UNIDO DE VENZUELA PSUV MONAGAS ,NINGUNO

6041,PDV COMUNAL,NINGUNO

5222,PDVSA  ,NINGUNO

5742,PDVSA  LA ESTANCIA. ,NINGUNO

5821,PDVSA GAS COMUNAL.  ,NINGUNO

6327,PDVSADIVISION COSTA AFUERA,NINGUNO

5895,PERSONAL DE GUARDAPARQUES DEL PARQUE NACIONAL TEREPAIMA,NINGUNO

6122,PERSONAL DE LA COORD. PARQUE G. F. DE MIRANDA,NINGUNO

5925,PERSONAL SEDE PRINCIPAL (INPARQUES),NINGUNO

6313,PILOTES PERFORADOS C.A.  ,NINGUNO

5271,PRESIDENCIA (INPARQUES)  ,2868/2869

6305,PROCURADURÍA GENERAL DE LA REPÚBLICA.GERENCIA  GENERAL DE  LITIGIO NINGUNO

6312,PROCURADURIA GENERAL DE LA REPUBLICAGERENCIA GENERAL DE ASESORIA JURIDICA ,NINGUNO

5293,PROGRAMA DE LAS NACIONES UNIDAS PARA EL DESARROLLO (P.N.U.D.),NINGUNO

5731,PSUV PARTIDO SOCIALISTA UNIDO DE VENEZUELA. ,NINGUNO

6364,QUEVEDO Y BLANCO  SOLUCIONES ORGANIZACIONALES,C.A.,NINGUNO

6388,RADIO TIEMPO C.A. 1.200 AM,NINGUNO

6395,RAFAEL JOSÉ MAZA CÓRDOBA.,NINGUNO

6117,REPRESENTACIONES  RENAINT,C.A.,NINGUNO

6403,RUTH YULIETH DIAZ,NINGUNO

5585,SAIME SERVICIO ADMINISTRATIVO IDENTIFICACION MIGRACION Y EXTRANJERIA.,NINGUNO

6251,SEGUROS QUALITAS,NINGUNO

6082,SENIAT  SERVICIO NACIONAL INTEGRADO DE ADMINISTRACIÒN ADUANERA Y TRIBUTARIA. ,NINGUNO

6373,SERVICIO AUTÓNOMO DE REGISTROS Y NOTARIAS (SAREN) ,NINGUNO

5397,SINDICATO DE TRABAJADORES AGROPECUARIOS RECURSOS NATURALES RENOVABLES JARDINEROS Y SIMILARES DEL ESTADO MONAGAS  ,NINGUNO

5398,SINDICATO UNICO DE OBREROS AGROPECUARIOS,P.N. INPARQUES,NINGUNO

5924,SISTEMA HIDRÀULICO YACAMBÙ  QUÌBOR C.A.,NINGUNO

6203,STODDART  + HENRIQUEZ  ARQUITECTOS..,NINGUNO

6097,SUCESIÒN "MANUEL DÌAZ RODRÌGUEZ",NINGUNO

6183,SUNEP INPARQUES.,NINGUNO

6286,SUPERINTENDENCIA NACIONAL DE AUDITORÍA INTERNA. SUNAI  ,NINGUNO

6397,T.S.U. IRAIMA ZAMBRANO NINGUNO

6151,TELEVEN.,NINGUNO

5468,THE NATURE CONSERVANCY FUNDACION,MARIA CRISTINA

6143,TRABAJADORES  DE LA COORD. GUÀRICO PARQUE NACIONAL  AGUARO  GUARIQUITO.,NINGUNO

5997,TRABAJADORES  PARQUE GENERALISIMO FRANCISCO DE MIRANDA ,NINGUNO

6033,TRABAJADORES DE  INPARQUES,NINGUNO

6422,TRABAJADORES DE INPARQUES,NINGUNO

6392,TRIBUNAL CUADRAGESIMO (40º) DE SUSTANCIACION,MEDIACION Y EJECUCION DEL CIRCUITO JUDICIAL DEL TRABAJO AREA METROPOLITANA,NINGUNO

6362,TRIBUNAL CUARTO DE PRIMERA INSTANCIA DE SUSTANCIACIÓN,MEDIACIÓN Y EJECUCIÓN DEL TRABAJO DE CIUDADA BOLÍVAR ,NINGUNO

6017,TRIBUNAL DE MEDIACIÒNSUSTANCIACIÒN Y EJECUCIÒN  DE PROTECCIÒN DE NIÑOS NIÑAS Y ADOLESCENTES CIRCUNSCRIPCIÒN  J. DEL EDO. GUÀRICO.,NINGUNO

5481,TRIBUNAL DE PRIMERA INSTANCIA SEXTO DE EJECUCION CIRCUITO JUDICIAL PENAL AREA METROPOLITANA DE CARACAS.,NINGUNO

5483,TRIBUNAL DE PROTECCION DEL NIÑO Y DEL ADOLESCENTE DE LA CIRCUNSCRIPCION JUDICIAL DEL ESTADO YARACUY,NINGUNO

6411,TRIBUNAL PENAL CUARTO DE PRIMERA INSTANCIA  ESTADALES Y MUNICIPALES EN FUNCIONES,NINGUNO

5482,TRIBUNAL SEGUNDO DE JUICIO DEL TRABAJO DE LA CIRCUNSCRIPCIÒN JUDICIAL DEL EDO. NUEVA ESPARTA ,NINGUNO

6339,TRIBUNAL SEGUNDO DE PRIMERA INSTANCIA DE JUICIO DEL TRABAJO DE LA CIRCUNSCRIPCIÓN  JUDICIAL EDO. NUEVA ESPARTA,NINGUNO

5484,TRIBUNAL SUPERIOR DECIMO DE LO CONTENCIOSO ADMINISTRATIVO DE LA REGION CAPITAL,NINGUNO

6224,TRIBUNAL SUPERIOR NOVENO  DE LO CONTENCIOSO  ADMT. DE LA REGIÓN CAPITAL  CON SEDE EN CARACAS.,NINGUNO

5485,TRIBUNAL SUPREMO DE JUSTICIA  COORD. NACIONAL DE PARTICIPACION CIUDADANA  ,NINGUNO

5486,TRIBUNAL SUPREMO DE JUSTICIA  JUZGADO SUPERIOR EN LO CIVIL Y CONTENCIOSO  ADMINISTRATIVO DE LA REGION CENTRO OCCIDENTAL BARQUISIMETO NINGUNO

5487,TRIBUNAL SUPREMO DE JUSTICIA  SALA CONSTITUCIONAL,NINGUNO

5488,TRIBUNAL SUPREMO DE JUSTICIA  ,NINGUNO

5489,TRIBUNAL TERCERO DE PRIMERA INSTANCIA EN LO PENAL EN FUNCIONES DE CONTROL DEL CIRCUITO JUDICIAL PENAL DEL ESTADO VARGAS,NINGUNO

5588,TRIBUNAL VIGESIMO SEXTO DE PRIMERA INSTACIA EN FUNCIONES DE CONTROL DEL CIRCUIT JUDICIAL PENAL DEL AREA METROPOLITANA DE CARACAS,NINGUNO

5820,TVES  FUNDACIÒN TELEVISORA VENEZOLANA SOCIAL,NINGUNO

6111,UCV UNIVERSIDAD  CENTRAL DE VENEZUELA. ,NINGUNO

6096,UNEFA UNIVERSIDAD NACIONAL EXPERIMENTAL POLITÈCNICA DE LA FUERZA ARMADA NACIONAL  ,NINGUNO

6073,UNES  UNIVERSIDAD  NACIONAL EXPERIMENTAL DE LA SEGURIDAD.  ,NINGUNO

5498,UNIDAD DE AUDITORÍA INTERNA (INPARQUES) ,NINGUNO

5775,UNIDAD DE PROYECTOS ESPECIALES (UPE),NINGUNO

6018,UNIDAD DE SEGURIDAD Y TRANSPORTE (INPARQUES) ,NINGUNO

6283,UNIVERSIDAD  BOLIVARIANA  DE VENEZUELA (UBV) ,NINGUNO

6213,UNIVERSIDAD ABIERTA EDUCACION NO FORMAL DE ADULTOS (UNIB),NINGUNO

6222,UNIVERSIDAD PEDAGÓGICA  EXPERIMENTAL  LIBERTADOR  ,NINGUNO

6272,VECINOS DE LA COMUNIDAD EL MARQUES ,NINGUNO

6340,VENEVISION,NINGUNO

6175,VENEZUELA EN CONTACTO NINGUNO

6304,VICEPRESIDENCIA DE DESARROLLO TERRITORIAL.,NINGUNO

6055,VICEPRESIDENCIA DE LA REPÙBLICA,NINGUNO

6233,VICEPRESIDENCIA DE LA REPÚBLICA BOLIVARIANA DE VENEZUELA  JUNTA LIQUIDADORA. CENTRO C. BOLÍVAR.  ,NINGUNO

6287,VICEPRESIDENCIA DE LA REPÚBLICASERVICIO  BOLIVARIANO  DE INTELIGENCIA  NACIONAL (SEBIN),NINGUNO

6024,VILEALDO MEDINA,NINGUNO

6148,VIOCCA.,NINGUNO

6265,VISIÓN REINO  IGLESIA,NINGUNO

6157,WILLIAMS SANCHES / OMAIRA ANDERSÒN.,NINGUNO

6350,YAJAIRA COROMOTO PERÉZ PEÑA,NINGUNO

6240,YESENIA MARILUZ CASTILLO. A.  ,NINGUNO

5928,ZULIBELL RODRIGUEZ ARAUJO NINGUNO
